Building,mean,min,max,sum
admin_block,22.88888888888889,17,29,618
engineering_block,29.074074074074073,21,38,785
hostel_block,54.2962962962963,39,66,1466
library,15.555555555555555,9,22,420
